measurement_id;destination;common_hops_num;FranceIX_hops_num;LISP-Lab_hops_num;FranceIX_country_path;LISP-Lab_country_path;Country;Continent
6963602;199.181.131.249;2;5;5;['FR', 'FR', None, 'US', 'US'];['FR', 'FR', 'DE', 'GB', 'US'];US;NA
6963592;124.225.65.154;1;3;5;['FR', 'US', 'CN'];['FR', 'FR', 'DE', 'GB', 'CN'];CN;AS
6963829;220.243.193.127;2;2;5;['US', 'CN'];['FR', 'FR', 'FR', 'US', 'CN'];CN;AS
6964271;59.106.98.139;2;4;5;['FR', None, 'US', 'JP'];['FR', 'FR', 'DE', 'GB', 'JP'];JP;AS
6963586;124.127.180.200;2;5;6;['FR', 'FR', 'US', 'CN', 'CN'];['FR', 'FR', 'DE', 'GB', 'CN', 'CN'];CN;AS
6963682;42.236.9.70;1;3;5;['FR', None, 'CN'];['FR', 'FR', 'FR', None, 'CN'];CN;AS
6964400;216.35.221.76;2;5;6;['FR', 'FR', None, 'US', 'US'];['FR', 'FR', 'DE', 'GB', 'US', 'US'];US;NA
6963616;216.21.13.12;1;4;5;['FR', 'FR', 'NL', 'US'];['FR', 'FR', 'DE', 'NL', 'US'];US;NA
6964133;62.138.116.25;4;6;7;['FR', 'FR', 'NL', 'DE', 'DE', 'DE'];['FR', 'FR', 'FR', 'NL', 'DE', 'DE', 'DE'];DE;EU
6964005;69.171.230.5;1;2;4;['FR', 'US'];['FR', 'FR', 'FR', 'US'];US;NA
6964349;115.231.100.109;1;4;5;['FR', 'FR', 'US', 'CN'];['FR', 'FR', 'DE', 'GB', 'CN'];CN;AS
6963712;104.27.6.113;1;3;4;['FR', 'FR', 'US'];['FR', 'FR', 'DE', 'US'];US;NA
6964398;111.206.208.220;2;4;6;['FR', None, 'CN', 'CN'];['FR', 'FR', 'FR', 'US', 'CN', 'CN'];CN;AS
6963825;210.51.19.63;2;5;6;['FR', 'FR', 'US', 'US', 'CN'];['FR', 'FR', 'DE', 'GB', 'US', 'CN'];CN;AS
6963640;104.20.0.4;1;4;4;['FR', 'FR', 'FR', 'US'];['FR', 'FR', 'DE', 'US'];US;NA
6963672;192.211.12.20;1;3;5;['FR', None, 'US'];['FR', 'FR', 'DE', 'GB', 'US'];US;NA
6963861;185.31.26.232;1;3;5;['FR', None, 'PL'];['FR', 'FR', 'DE', 'PL', 'PL'];PL;EU
6964452;121.40.21.118;3;6;7;['FR', 'FR', 'US', 'CN', 'CN', 'CN'];['FR', 'FR', 'DE', 'GB', 'CN', 'CN', 'CN'];CN;AS
6963961;74.115.50.109;1;4;5;['FR', 'FR', None, 'US'];['FR', 'FR', 'DE', 'GB', 'US'];US;NA
6964075;104.25.174.27;1;3;4;['FR', 'FR', 'US'];['FR', 'FR', 'DE', 'US'];US;NA
6963916;58.68.250.146;1;5;6;['FR', 'FR', 'US', 'CN', 'CN'];['FR', 'FR', 'DE', 'GB', 'CN', 'CN'];CN;AS
6963750;104.156.81.217;1;4;5;['FR', 'FR', None, 'US'];['FR', 'FR', 'DE', 'GB', 'US'];US;NA
6964408;192.187.93.86;3;5;6;['FR', None, 'US', 'US', 'US'];['FR', 'FR', 'DE', 'GB', 'US', 'US'];US;NA
6964065;206.108.40.108;2;5;5;['FR', 'FR', None, 'US', 'US'];['FR', 'FR', 'DE', 'GB', 'US'];US;NA
6964372;46.209.99.210;0;5;4;['FR', '/', 'RU', 'AZ', '/'];['FR', 'FR', 'BG', 'AZ'];IR;AS
6963736;203.209.152.60;4;6;7;['FR', 'FR', None, 'JP', 'JP', 'JP'];['FR', 'FR', 'FR', None, 'JP', 'JP', 'JP'];JP;AS
6964422;104.20.81.244;1;3;4;['FR', 'FR', 'US'];['FR', 'FR', 'DE', 'US'];US;NA
6964283;104.16.15.190;1;3;4;['FR', 'NL', 'US'];['FR', 'FR', 'DE', 'US'];US;NA
6964450;151.101.16.144;1;4;5;['FR', 'FR', None, 'US'];['FR', 'FR', 'DE', 'GB', 'US'];US;NA
6963999;208.93.170.15;2;5;5;['FR', 'FR', None, 'US', 'US'];['FR', 'FR', 'DE', 'GB', 'US'];US;NA
6963952;198.134.112.232;2;4;5;['FR', None, 'US', 'US'];['FR', 'FR', 'DE', 'GB', 'US'];US;NA
6963948;192.33.31.51;1;3;5;['FR', None, 'US'];['FR', 'FR', 'DE', 'GB', 'US'];US;NA
6964259;198.176.43.184;2;4;5;['FR', 'FR', 'US', 'US'];['FR', 'FR', 'FR', 'US', 'US'];US;NA
6964394;74.50.63.27;1;3;5;['FR', None, 'US'];['FR', 'FR', 'DE', 'GB', 'US'];US;NA
6963720;104.156.81.67;1;4;5;['FR', 'FR', None, 'US'];['FR', 'FR', 'DE', 'GB', 'US'];US;NA
6964323;210.189.86.12;1;4;7;['FR', 'US', 'US', 'JP'];['FR', 'FR', 'DE', 'US', 'JP', 'JP', 'JP'];JP;AS
6963865;104.85.66.52;1;3;5;['FR', 'NL', 'US'];['FR', 'FR', 'FR', 'FR', 'US'];US;NA
6964464;87.250.255.11;1;3;4;['FR', 'FR', 'RU'];['FR', 'FR', 'DE', 'RU'];RU;EU
6963668;54.222.60.218;1;6;6;['FR', 'US', 'CN', 'CN', 'CN', 'CN'];['FR', 'FR', 'FR', 'US', 'CN', 'CN'];CN;AS
6963680;186.192.90.5;2;3;5;['FR', None, 'BR'];['FR', 'FR', 'FR', None, 'BR'];BR;SA
6964353;162.208.32.99;2;4;6;['FR', 'US', 'US', 'US'];['FR', 'FR', 'DE', 'GB', 'US', 'US'];US;NA
6963684;72.21.206.80;1;4;5;['FR', 'FR', None, 'US'];['FR', 'FR', 'DE', 'GB', 'US'];US;NA
6964444;199.83.134.216;0;3;1;['FR', None, 'US'];['FR'];US;NA
6964467;216.33.197.90;2;5;7;['FR', 'FR', None, 'US', 'AR'];['FR', 'FR', 'FR', 'FR', 'US', 'US', 'AR'];AR;SA
6963934;208.85.40.20;1;3;5;['FR', None, 'US'];['FR', 'FR', 'DE', 'GB', 'US'];US;NA
6964356;185.6.169.69;2;2;4;['CH', 'CH'];['FR', 'FR', 'CH', 'CH'];CH;EU
6963676;96.43.149.26;1;3;5;['FR', None, 'US'];['FR', 'FR', 'DE', 'GB', 'US'];US;NA
6964321;140.205.230.48;4;6;7;['FR', 'FR', 'US', 'CN', 'CN', 'CN'];['FR', 'FR', 'FR', 'US', 'CN', 'CN', 'CN'];CN;AS
6964061;61.129.65.103;2;4;6;['FR', 'FR', 'CN', 'CN'];['FR', 'FR', 'DE', 'GB', 'CN', 'CN'];CN;AS
6964364;140.205.250.54;1;4;7;['FR', 'US', 'CN', 'CN'];['FR', 'FR', 'FR', 'US', 'CN', 'CN', 'CN'];CN;AS
6964307;95.142.199.215;1;5;4;['FR', 'FR', 'RU', '/', 'RU'];['FR', 'FR', 'DE', 'RU'];RU;EU
6964219;68.71.222.16;1;3;4;['FR', None, 'US'];['FR', 'FR', 'DE', 'GB'];US;NA
6964033;104.16.11.250;1;4;4;['FR', 'FR', 'NL', 'US'];['FR', 'FR', 'DE', 'US'];US;NA
6963886;125.6.146.13;2;4;6;['FR', None, 'JP', 'JP'];['FR', 'FR', 'DE', 'GB', 'JP', 'JP'];JP;AS
6963552;151.101.1.69;1;4;5;['FR', 'FR', None, 'US'];['FR', 'FR', 'DE', 'GB', 'US'];US;NA
6963708;200.147.67.142;1;3;5;['FR', None, 'BR'];['FR', 'FR', 'FR', 'US', 'BR'];BR;SA
6964149;78.140.188.189;2;2;5;['US', 'NL'];['FR', 'FR', 'DE', 'US', 'NL'];NL;EU
6964053;104.16.122.127;1;3;4;['FR', 'NL', 'US'];['FR', 'FR', 'DE', 'US'];US;NA
6963979;119.145.147.181;2;4;6;['FR', 'US', 'CN', 'CN'];['FR', 'FR', 'DE', 'GB', 'CN', 'CN'];CN;AS
6963821;82.165.229.87;1;4;4;['FR', 'FR', 'FR', 'DE'];['FR', 'FR', 'DE', 'DE'];DE;EU
6963815;194.132.198.165;1;5;4;['FR', 'FR', None, '/', 'JP'];['FR', 'FR', 'DE', 'JP'];JP;AS
6963981;207.241.224.2;2;4;6;['FR', None, 'US', 'US'];['FR', 'FR', 'DE', 'GB', 'US', 'US'];US;NA
6964289;104.16.29.30;1;3;4;['FR', 'NL', 'US'];['FR', 'FR', 'DE', 'US'];US;NA
6964049;23.205.220.82;1;4;5;['FR', None, 'US', 'US'];['FR', 'FR', 'DE', 'GB', 'US'];US;NA
6964131;74.112.185.90;1;4;5;['FR', 'FR', 'US', 'US'];['FR', 'FR', 'DE', 'GB', 'US'];US;NA
6964011;118.145.26.112;0;8;8;['FR', 'FR', None, 'CN', 'CN', 'CN', 'CN', 'CN'];['FR', 'FR', 'DE', 'GB', 'CN', 'CN', 'CN', 'CN'];CN;AS
6963516;193.51.224.148;0;1;2;['FR'];['FR', 'FR'];FR;EU
6963694;124.95.181.184;1;3;5;['FR', None, 'CN'];['FR', 'FR', 'FR', 'US', 'CN'];CN;AS
6964376;170.146.93.56;2;5;5;['FR', 'FR', None, 'US', 'US'];['FR', 'FR', 'DE', 'GB', 'US'];US;NA
6963498;108.174.10.10;1;3;5;['FR', None, 'US'];['FR', 'FR', 'DE', 'GB', 'US'];US;NA
6963670;104.16.51.93;1;4;4;['FR', 'FR', 'NL', 'US'];['FR', 'FR', 'DE', 'US'];US;NA
6963514;198.41.209.138;1;3;4;['FR', 'NL', 'US'];['FR', 'FR', 'DE', 'US'];US;NA
6964396;65.97.58.16;1;4;5;['FR', 'FR', None, 'US'];['FR', 'FR', 'DE', 'GB', 'US'];GB;EU
6964205;151.101.129.34;1;3;5;['FR', None, 'US'];['FR', 'FR', 'DE', 'GB', 'US'];US;NA
6964319;23.35.125.139;1;2;3;['FR', 'NL'];['FR', 'FR', 'NL'];NL;EU
6963777;104.70.253.135;1;3;4;['FR', None, 'US'];['FR', 'FR', 'DE', 'GB'];US;NA
6963835;123.103.57.11;4;7;8;['FR', 'FR', 'US', 'CN', 'CN', 'CN', 'CN'];['FR', 'FR', 'DE', 'GB', 'CN', 'CN', 'CN', 'CN'];CN;AS
6964077;204.154.94.73;1;4;5;['FR', None, 'US', 'US'];['FR', 'FR', 'DE', 'GB', 'US'];US;NA
6963769;104.94.192.167;1;3;6;['FR', None, 'US'];['FR', 'FR', 'DE', 'GB', None, 'US'];US;NA
6964157;104.20.55.43;1;3;4;['FR', 'FR', 'US'];['FR', 'FR', 'DE', 'US'];US;NA
6963650;125.6.149.67;2;4;6;['FR', None, 'JP', 'JP'];['FR', 'FR', 'DE', 'GB', 'JP', 'JP'];JP;AS
6963892;46.28.209.20;1;4;5;['FR', 'FR', 'DE', 'ES'];['FR', 'FR', 'DE', 'GB', 'ES'];ES;EU
6963606;66.235.120.127;1;3;5;['FR', None, 'US'];['FR', 'FR', 'DE', 'GB', 'US'];US;NA
6963598;106.120.151.169;2;4;6;['FR', 'US', 'CN', 'CN'];['FR', 'FR', 'DE', 'GB', 'CN', 'CN'];CN;AS
6964325;199.83.129.48;0;4;1;['FR', 'FR', 'US', 'US'];['FR'];US;NA
6963748;104.20.60.241;1;3;4;['FR', 'FR', 'US'];['FR', 'FR', 'DE', 'US'];US;NA
6963841;104.18.41.167;1;4;4;['FR', 'FR', 'NL', 'US'];['FR', 'FR', 'DE', 'US'];US;NA
6964107;104.31.72.239;1;3;4;['FR', 'FR', 'US'];['FR', 'FR', 'DE', 'US'];US;NA
6963660;212.58.244.22;1;2;5;['FR', 'GB'];['FR', 'FR', 'DE', 'GB', 'GB'];GB;EU
6963714;42.156.162.55;3;5;7;['FR', 'US', 'CN', 'CN', 'CN'];['FR', 'FR', 'DE', 'GB', 'CN', 'CN', 'CN'];CN;AS
6964167;38.102.136.104;0;3;1;['FR', 'US', 'US'];['FR'];US;NA
6963809;54.235.145.223;2;4;6;['FR', None, 'US', 'US'];['FR', 'FR', 'DE', 'GB', 'US', 'US'];US;NA
6964039;104.20.75.106;1;3;4;['FR', 'FR', 'US'];['FR', 'FR', 'DE', 'US'];US;NA
6964215;172.217.16.68;1;4;4;['FR', 'FR', None, 'US'];['FR', 'FR', 'IT', 'US'];US;NA
6963620;222.73.144.157;2;5;6;['FR', 'FR', 'FR', 'CN', 'CN'];['FR', 'FR', 'DE', 'GB', 'CN', 'CN'];CN;AS
6964179;91.216.63.240;2;4;6;['FR', 'FR', 'GB', 'ES'];['FR', 'FR', 'DE', 'GB', 'GB', 'ES'];ES;EU
6964169;206.131.180.21;2;5;5;['FR', 'FR', None, 'US', 'US'];['FR', 'FR', 'DE', 'US', 'US'];US;NA
6964063;172.217.19.132;1;1;4;['US'];['FR', 'FR', 'IT', 'US'];US;NA
6963554;52.41.146.181;0;3;4;['FR', 'FR', None];['FR', 'FR', 'DE', 'GB'];US;NA
6964233;119.254.11.66;3;8;8;['FR', 'FR', 'US', 'CN', 'CN', 'CN', 'CN', 'CN'];['FR', 'FR', 'DE', 'GB', 'CN', 'CN', 'CN', 'CN'];CN;AS
6963486;172.217.19.131;1;2;4;['FR', 'US'];['FR', 'FR', 'IT', 'US'];US;NA
6964021;151.101.129.34;1;3;5;['FR', None, 'US'];['FR', 'FR', 'DE', 'GB', 'US'];US;NA
6964087;69.191.252.148;2;4;6;['FR', None, 'US', 'US'];['FR', 'FR', 'DE', 'GB', 'US', 'US'];US;NA
6964331;93.115.81.41;1;3;4;['FR', 'FR', 'RO'];['FR', 'FR', 'DE', 'RO'];RO;EU
6964247;216.251.127.130;2;4;6;['FR', None, 'US', 'US'];['FR', 'FR', 'DE', 'GB', 'US', 'US'];US;NA
6964105;104.19.142.70;1;3;4;['FR', 'NL', 'US'];['FR', 'FR', 'DE', 'US'];US;NA
6963578;133.237.48.124;2;4;5;['FR', None, 'US', 'JP'];['FR', 'FR', 'DE', 'GB', 'JP'];JP;AS
6963807;104.16.85.202;1;4;4;['FR', 'FR', 'NL', 'US'];['FR', 'FR', 'DE', 'US'];US;NA
6963692;123.126.98.150;2;4;6;['FR', None, 'CN', 'CN'];['FR', 'FR', 'FR', None, 'CN', 'CN'];CN;AS
6964392;23.200.87.127;2;3;5;['FR', 'FR', 'FR'];['FR', 'FR', 'FR', 'FR', 'FR'];FR;EU
6964245;103.6.0.2;3;6;7;['FR', 'FR', None, 'ID', 'ID', 'ID'];['FR', 'FR', 'DE', 'ID', 'ID', 'ID', 'ID'];ID;AS
6963568;31.192.120.36;2;3;6;['FR', None, 'NL'];['FR', 'FR', 'DE', 'GB', None, 'NL'];NL;EU
6964089;104.16.165.50;1;3;4;['FR', 'NL', 'US'];['FR', 'FR', 'DE', 'US'];US;NA
6963849;103.25.22.168;2;4;6;['FR', 'US', 'CN', 'CN'];['FR', 'FR', 'DE', 'GB', 'CN', 'CN'];CN;AS
6964031;79.175.144.35;1;5;5;['FR', 'FR', None, '/', 'IR'];['FR', 'FR', 'BG', None, 'IR'];IR;AS
6964019;52.76.232.196;1;3;5;['FR', None, 'SG'];['FR', 'FR', 'DE', 'GB', 'SG'];US;NA
6964229;209.225.49.78;3;5;6;['FR', 'FR', 'FR', 'ES', 'AR'];['FR', 'FR', 'DE', 'FR', 'ES', 'AR'];AR;SA
6963805;31.192.116.24;3;5;7;['FR', 'FR', None, 'US', 'NL'];['FR', 'FR', 'DE', 'GB', None, 'US', 'NL'];NL;EU
6963773;104.20.93.127;1;4;4;['FR', 'FR', 'FR', 'US'];['FR', 'FR', 'DE', 'US'];US;NA
6963674;27.133.208.13;2;5;6;['FR', 'FR', None, 'US', 'JP'];['FR', 'FR', 'DE', 'GB', 'JP', 'JP'];JP;AS
6964029;83.66.162.3;3;5;7;['FR', 'FR', None, 'TR', 'TR'];['FR', 'FR', 'DE', 'GB', None, 'TR', 'TR'];TR;AS
6964255;173.192.117.80;2;4;4;['FR', 'FR', 'FR', 'US'];['FR', 'FR', 'FR', 'US'];US;NA
6963928;104.101.166.212;1;3;6;['FR', None, 'US'];['FR', 'FR', 'DE', 'GB', None, 'US'];US;NA
6963857;74.125.71.160;1;3;4;['FR', None, 'US'];['FR', 'FR', 'IT', 'US'];US;NA
6964045;173.192.117.80;2;4;4;['FR', 'FR', 'FR', 'US'];['FR', 'FR', 'FR', 'US'];US;NA
6964378;61.135.218.26;2;4;6;['FR', None, 'CN', 'CN'];['FR', 'FR', 'FR', 'US', 'CN', 'CN'];CN;AS
6964495;104.27.161.160;1;3;4;['FR', 'NL', 'US'];['FR', 'FR', 'DE', 'US'];US;NA
6963524;104.244.42.5;1;2;3;['FR', 'US'];['FR', 'FR', 'US'];US;NA
6963843;63.240.4.179;2;4;6;['FR', None, 'US', 'US'];['FR', 'FR', 'DE', 'GB', 'US', 'US'];US;NA
6964414;23.15.77.41;1;3;5;['FR', None, 'GB'];['FR', 'FR', 'DE', 'GB', None];NL;EU
6963969;216.34.181.60;1;3;6;['FR', None, 'US'];['FR', 'FR', 'DE', 'GB', 'US', 'US'];US;NA
6964047;213.180.193.105;1;3;4;['FR', 'FR', 'RU'];['FR', 'FR', 'DE', 'RU'];RU;EU
6964404;209.95.39.162;0;2;4;['FR', 'US'];['FR', 'FR', 'DE', 'GB'];US;NA
6963775;203.190.242.69;2;5;5;['FR', 'FR', 'FR', 'ID', 'ID'];['FR', 'FR', 'DE', 'ID', 'ID'];ID;AS
6964093;205.203.140.1;0;4;1;['FR', 'US', 'US', 'US'];['FR'];US;NA
6964251;74.205.63.94;1;3;5;['FR', None, 'US'];['FR', 'FR', 'DE', 'GB', 'US'];US;NA
6963662;219.85.79.131;2;5;6;['FR', 'FR', None, 'TW', 'TW'];['FR', 'FR', 'DE', 'GB', 'TW', 'TW'];TW;AS
6964485;104.31.135.74;1;4;4;['FR', 'FR', 'FR', 'US'];['FR', 'FR', 'DE', 'US'];US;NA
6964139;104.20.64.203;1;4;4;['FR', 'FR', 'FR', 'US'];['FR', 'FR', 'DE', 'US'];US;NA
6963963;104.156.81.84;1;3;5;['FR', None, 'US'];['FR', 'FR', 'DE', 'GB', 'US'];US;NA
6963983;104.156.85.64;1;3;5;['FR', None, 'US'];['FR', 'FR', 'DE', 'GB', 'US'];US;NA
6964269;46.224.3.195;1;4;6;['FR', None, '/', 'IR'];['FR', 'FR', 'DE', 'GB', None, 'IR'];IR;AS
6963652;68.71.212.186;2;5;5;['FR', 'FR', None, 'US', 'US'];['FR', 'FR', 'DE', 'GB', 'US'];US;NA
6964123;104.31.76.24;1;3;4;['FR', 'FR', 'US'];['FR', 'FR', 'DE', 'US'];US;NA
6963564;217.20.155.58;1;3;6;['/', 'RU', 'RU'];['FR', 'FR', 'IT', 'US', 'RU', 'RU'];RU;EU
6963803;54.230.197.162;1;4;4;['FR', 'FR', None, 'US'];['FR', 'FR', 'FR', 'NL'];US;NA
6964358;103.10.4.216;2;4;5;['FR', 'FR', None, 'TW'];['FR', 'FR', 'DE', None, 'TW'];TW;AS
6963644;123.126.99.31;2;4;6;['FR', None, 'CN', 'CN'];['FR', 'FR', 'FR', 'US', 'CN', 'CN'];CN;AS
6964410;192.0.78.24;1;3;4;['FR', 'FR', 'US'];['FR', 'FR', 'DE', 'US'];US;NA
6963920;151.101.128.230;1;4;5;['FR', 'FR', None, 'US'];['FR', 'FR', 'DE', 'GB', 'US'];US;NA
6963646;110.76.19.33;3;5;7;['FR', 'US', 'CN', 'CN', 'CN'];['FR', 'FR', 'DE', 'GB', 'CN', 'CN', 'CN'];CN;AS
6964197;37.187.134.184;1;3;4;['FR', 'FR', 'FR'];['FR', 'FR', 'DE', 'FR'];FR;EU
6963827;151.101.32.68;1;4;5;['FR', 'FR', None, 'US'];['FR', 'FR', 'DE', 'GB', 'US'];US;NA
6963722;54.192.199.95;1;3;4;['FR', None, 'US'];['FR', 'FR', 'FR', 'NL'];US;NA
6964115;203.183.234.2;1;5;7;['FR', 'FR', 'US', 'US', 'JP'];['FR', 'FR', 'DE', 'US', 'JP', 'JP', 'JP'];JP;AS
6963726;104.103.89.231;1;4;6;['FR', 'FR', 'FR', 'US'];['FR', 'FR', 'DE', 'GB', None, 'US'];US;NA
6964483;23.45.151.67;1;3;5;['FR', None, 'GB'];['FR', 'FR', 'DE', 'GB', None];US;NA
6963823;193.164.196.82;2;3;4;['FR', 'FR', 'FR'];['FR', 'FR', 'FR', 'FR'];FR;EU
6963686;50.97.35.152;2;3;4;['FR', 'FR', 'US'];['FR', 'FR', 'FR', 'US'];US;NA
6963977;192.161.154.1;2;5;5;['FR', 'FR', None, 'US', 'US'];['FR', 'FR', 'DE', 'US', 'US'];US;NA
6963622;212.58.244.22;1;3;5;['FR', 'FR', 'GB'];['FR', 'FR', 'DE', 'GB', 'GB'];GB;EU
6964430;67.228.27.108;2;3;4;['FR', 'FR', 'US'];['FR', 'FR', 'FR', 'US'];US;NA
6963474;172.217.16.78;1;4;4;['FR', 'FR', None, 'US'];['FR', 'FR', 'IT', 'US'];US;NA
6964420;213.180.193.50;1;3;4;['FR', 'FR', 'RU'];['FR', 'FR', 'DE', 'RU'];RU;EU
6964339;209.15.209.70;1;3;4;['FR', 'FR', 'US'];['FR', 'FR', 'DE', 'US'];CA;NA
6964101;104.20.69.204;1;3;4;['FR', 'FR', 'US'];['FR', 'FR', 'DE', 'US'];US;NA
6964309;104.24.4.33;1;4;4;['FR', 'FR', 'FR', 'US'];['FR', 'FR', 'DE', 'US'];US;NA
6964479;118.184.184.70;4;6;8;['FR', 'US', 'CN', 'CN', 'CN', 'CN'];['FR', 'FR', 'DE', 'GB', 'CN', 'CN', 'CN', 'CN'];CN;AS
6964277;151.101.65.95;1;4;5;['FR', 'FR', None, 'US'];['FR', 'FR', 'DE', 'GB', 'US'];US;NA
6963993;163.172.21.184;1;2;4;['FR', 'FR'];['FR', 'FR', 'FR', 'FR'];GB;EU
6963522;104.156.85.84;1;4;5;['FR', 'FR', None, 'US'];['FR', 'FR', 'DE', 'GB', 'US'];US;NA
6964279;72.21.91.8;1;4;5;['FR', 'FR', None, 'US'];['FR', 'FR', 'DE', 'GB', 'US'];US;NA
6964462;37.58.17.122;2;4;6;['FR', None, 'TR', 'TR'];['FR', 'FR', 'DE', 'GB', 'TR', 'TR'];TR;AS
6964313;54.231.241.169;1;3;5;['FR', None, 'SG'];['FR', 'FR', 'DE', 'GB', 'SG'];US;NA
6963542;151.101.60.193;1;4;5;['FR', 'FR', None, 'US'];['FR', 'FR', 'DE', 'GB', 'US'];US;NA
6964311;104.20.24.138;1;4;4;['FR', 'FR', 'FR', 'US'];['FR', 'FR', 'DE', 'US'];US;NA
6964113;176.32.100.45;1;3;5;['FR', None, 'US'];['FR', 'FR', 'DE', 'GB', 'US'];NL;EU
6964141;149.154.167.99;1;2;4;['FR', 'GB'];['FR', 'FR', 'DE', 'GB'];GB;EU
6963698;93.184.220.127;1;4;4;['FR', 'FR', 'FR', 'US'];['FR', 'FR', 'DE', 'US'];US;NA
6963706;104.94.192.167;1;3;6;['FR', None, 'US'];['FR', 'FR', 'DE', 'GB', None, 'US'];US;NA
6963914;119.28.48.239;2;5;6;['FR', 'FR', 'US', 'US', 'CN'];['FR', 'FR', 'DE', 'GB', 'US', 'CN'];CN;AS
6964017;159.226.6.133;4;6;8;['FR', 'US', 'US', 'CN', 'CN', 'CN'];['FR', 'FR', 'DE', 'GB', 'US', 'CN', 'CN', 'CN'];CN;AS
6964209;216.200.199.56;1;4;5;['FR', 'FR', None, 'US'];['FR', 'FR', 'DE', 'GB', 'US'];US;NA
6964370;140.205.170.62;4;6;7;['FR', 'FR', 'US', 'CN', 'CN', 'CN'];['FR', 'FR', 'FR', 'US', 'CN', 'CN', 'CN'];CN;AS
6964315;104.20.66.152;1;4;4;['FR', 'FR', 'FR', 'US'];['FR', 'FR', 'DE', 'US'];US;NA
6963801;104.70.242.123;1;3;4;['FR', None, 'US'];['FR', 'FR', 'DE', 'GB'];US;NA
6963612;123.30.175.29;2;4;6;['FR', None, 'VN', 'VN'];['FR', 'FR', 'DE', 'GB', 'VN', 'VN'];VN;AS
6963494;172.217.19.131;1;1;4;['US'];['FR', 'FR', 'IT', 'US'];US;NA
6964043;104.16.65.178;1;3;4;['FR', 'NL', 'US'];['FR', 'FR', 'DE', 'US'];US;NA
6963478;111.13.101.208;1;4;4;['FR', None, 'HK', 'CN'];['FR', 'FR', 'DE', 'CN'];CN;AS
6963813;104.20.24.135;1;4;4;['FR', 'FR', 'FR', 'US'];['FR', 'FR', 'DE', 'US'];US;NA
6963918;91.211.75.193;1;3;4;['FR', 'FR', 'NL'];['FR', 'FR', 'DE', 'NL'];NL;EU
6964059;203.12.21.5;3;6;7;['FR', 'FR', None, 'ID', 'ID', 'ID'];['FR', 'FR', 'DE', 'ID', 'ID', 'ID', 'ID'];ID;AS
6963502;95.213.11.146;1;5;4;['FR', 'FR', 'RU', '/', 'RU'];['FR', 'FR', 'DE', 'RU'];RU;EU
6964436;104.20.43.155;1;3;4;['FR', 'FR', 'US'];['FR', 'FR', 'DE', 'US'];US;NA
6963954;54.230.196.80;1;3;4;['FR', None, 'US'];['FR', 'FR', 'FR', 'NL'];US;NA
6963882;62.153.159.92;2;3;5;['FR', 'FR', 'DE'];['FR', 'FR', 'DE', 'FR', 'DE'];DE;EU
6963991;184.51.148.169;1;4;5;['FR', 'FR', None, 'FR'];['FR', 'FR', 'DE', 'GB', 'FR'];NL;EU
6964386;140.205.170.62;4;5;7;['FR', 'US', 'CN', 'CN', 'CN'];['FR', 'FR', 'FR', 'US', 'CN', 'CN', 'CN'];CN;AS
6964081;68.233.77.233;2;4;6;['FR', None, 'US', 'US'];['FR', 'FR', 'DE', 'GB', 'US', 'US'];US;NA
6964079;85.111.30.111;2;3;6;['FR', None, 'TR'];['FR', 'FR', 'DE', 'GB', None, 'TR'];TR;AS
6963851;107.154.110.40;2;4;5;['FR', 'US', 'US', 'US'];['FR', 'FR', 'DE', 'GB', 'US'];US;NA
6963548;220.243.193.127;2;2;5;['US', 'CN'];['FR', 'FR', 'FR', 'US', 'CN'];CN;AS
6963855;213.180.141.140;2;4;6;['FR', None, 'PL', 'PL'];['FR', 'FR', 'FR', 'FR', 'PL', 'PL'];PL;EU
6963500;54.236.213.89;2;4;6;['FR', None, 'US', 'US'];['FR', 'FR', 'DE', 'GB', 'US', 'US'];US;NA
6963508;172.217.19.131;1;1;4;['US'];['FR', 'FR', 'IT', 'US'];US;NA
6964471;104.27.214.30;1;4;4;['FR', 'FR', 'FR', 'US'];['FR', 'FR', 'DE', 'US'];US;NA
6964351;192.33.31.72;1;3;5;['FR', None, 'US'];['FR', 'FR', 'DE', 'GB', 'US'];US;NA
6964388;155.64.49.54;2;5;5;['FR', 'FR', None, 'US', 'US'];['FR', 'FR', 'DE', 'GB', 'US'];US;NA
6964360;146.197.184.71;0;4;1;['FR', None, 'US', 'US'];['FR'];US;NA
6964007;52.207.3.146;2;4;6;['FR', None, 'US', 'US'];['FR', 'FR', 'DE', 'GB', 'US', 'US'];US;NA
6964374;104.20.73.64;1;4;4;['FR', 'FR', 'FR', 'US'];['FR', 'FR', 'DE', 'US'];US;NA
6963859;96.114.14.140;1;3;5;['FR', None, 'US'];['FR', 'FR', 'DE', 'GB', 'US'];US;NA
6963760;192.33.31.56;1;4;5;['FR', 'FR', None, 'US'];['FR', 'FR', 'DE', 'GB', 'US'];US;NA
6964438;37.48.119.34;1;4;5;['FR', 'FR', None, 'NL'];['FR', 'FR', 'DE', 'NL', 'NL'];NL;EU
6963594;103.23.108.107;1;5;5;['FR', 'FR', None, 'TW', 'TW'];['FR', 'FR', 'DE', 'GB', 'TW'];TW;AS
6963876;104.20.23.247;1;4;4;['FR', 'FR', 'FR', 'US'];['FR', 'FR', 'DE', 'US'];US;NA
6963716;172.217.19.142;1;1;4;['US'];['FR', 'FR', 'IT', 'US'];US;NA
6964454;117.79.92.119;2;4;6;['FR', 'US', 'CN', 'CN'];['FR', 'FR', 'DE', 'GB', 'CN', 'CN'];CN;AS
6963734;94.182.163.3;1;4;6;['FR', None, '/', 'IR'];['FR', 'FR', 'DE', 'GB', None, 'IR'];IR;AS
6964069;161.47.7.14;1;3;5;['FR', None, 'US'];['FR', 'FR', 'DE', 'GB', 'US'];US;NA
6963550;23.206.4.202;1;1;3;['US'];['FR', 'FR', 'US'];US;NA
6963922;104.16.108.24;1;3;4;['FR', 'NL', 'US'];['FR', 'FR', 'DE', 'US'];US;NA
6964027;104.16.59.133;1;4;4;['FR', 'FR', 'NL', 'US'];['FR', 'FR', 'DE', 'US'];US;NA
6964181;209.200.152.198;1;3;4;['FR', None, 'US'];['FR', 'FR', 'DE', 'US'];US;NA
6964297;220.243.193.127;2;3;5;['FR', 'US', 'CN'];['FR', 'FR', 'FR', 'US', 'CN'];CN;AS
6964434;104.24.10.2;1;4;4;['FR', 'FR', 'FR', 'US'];['FR', 'FR', 'DE', 'US'];US;NA
6964448;178.236.137.157;3;6;6;['FR', 'FR', 'FR', 'RU', 'RU', 'GB'];['FR', 'FR', 'DE', 'RU', 'RU', 'GB'];GB;EU
6963940;23.3.148.75;1;4;5;['FR', 'FR', None, 'GB'];['FR', 'FR', 'DE', 'GB', None];NL;EU
6964418;170.20.0.18;2;4;5;['FR', None, 'US', 'US'];['FR', 'FR', 'DE', 'GB', 'US'];US;NA
6964193;104.93.248.186;2;4;5;['FR', 'FR', 'FR', 'US'];['FR', 'FR', 'FR', 'FR', 'US'];US;NA
6964161;92.122.19.40;1;4;5;['FR', 'FR', None, 'GB'];['FR', 'FR', 'DE', 'GB', None];GB;EU
6963902;104.25.24.99;1;3;4;['FR', 'FR', 'US'];['FR', 'FR', 'DE', 'US'];US;NA
6963576;216.58.208.195;1;4;4;['FR', 'FR', None, 'US'];['FR', 'FR', 'IT', 'US'];US;NA
6964390;173.241.154.10;2;4;5;['FR', None, 'US', 'US'];['FR', 'FR', 'DE', 'US', 'US'];US;NA
6964187;104.25.28.101;1;4;4;['FR', 'FR', 'FR', 'US'];['FR', 'FR', 'DE', 'US'];US;NA
6964317;138.101.8.100;3;5;6;['FR', 'FR', 'US', 'JP', 'JP'];['FR', 'FR', 'DE', 'US', 'JP', 'JP'];JP;AS
6963632;106.120.160.134;2;4;6;['FR', 'US', 'CN', 'CN'];['FR', 'FR', 'DE', 'GB', 'CN', 'CN'];CN;AS
6963795;69.252.80.75;1;4;5;['FR', 'FR', None, 'US'];['FR', 'FR', 'DE', 'GB', 'US'];US;NA
6963752;64.210.135.134;2;3;6;['FR', None, 'US'];['FR', 'FR', 'DE', 'GB', None, 'US'];US;NA
6964025;148.251.77.209;1;3;4;['FR', 'FR', 'DE'];['FR', 'FR', 'DE', 'DE'];DE;EU
6964416;209.104.56.26;2;5;6;['FR', 'FR', None, 'US', 'US'];['FR', 'FR', 'DE', 'GB', 'US', 'US'];US;NA
6964303;81.17.22.114;2;3;5;['FR', 'GB', 'CH'];['FR', 'FR', 'DE', 'GB', 'PA'];CH;EU
6964327;91.195.49.131;1;4;4;['FR', 'FR', 'FR', 'NL'];['FR', 'FR', 'DE', 'NL'];DE;EU
6964143;193.51.224.8;1;2;3;['FR', 'FR'];['FR', 'FR', 'FR'];FR;EU
6963781;23.200.86.143;2;3;5;['FR', 'FR', 'FR'];['FR', 'FR', 'FR', 'FR', 'FR'];FR;EU
6964159;5.134.209.108;1;3;5;['FR', None, 'PL'];['FR', 'FR', 'DE', 'PL', 'PL'];PL;EU
6963618;104.156.81.194;1;3;5;['FR', None, 'US'];['FR', 'FR', 'DE', 'GB', 'US'];US;NA
6964057;80.168.92.141;1;3;4;['FR', 'FR', 'FR'];['FR', 'FR', 'DE', 'DE'];GB;EU
6964440;104.16.4.13;1;3;4;['FR', 'NL', 'US'];['FR', 'FR', 'DE', 'US'];US;NA
6963512;180.149.131.31;2;4;6;['FR', 'US', 'CN', 'CN'];['FR', 'FR', 'DE', 'GB', 'CN', 'CN'];CN;AS
6963538;192.0.78.17;1;3;4;['FR', 'FR', 'US'];['FR', 'FR', 'DE', 'US'];US;NA
6963472;172.217.16.68;1;4;4;['FR', 'FR', None, 'US'];['FR', 'FR', 'IT', 'US'];US;NA
6963971;148.251.23.152;1;3;4;['FR', 'FR', 'DE'];['FR', 'FR', 'DE', 'DE'];DE;EU
6963819;104.24.3.15;1;3;4;['FR', 'FR', 'US'];['FR', 'FR', 'DE', 'US'];US;NA
6963888;104.18.56.71;1;3;4;['FR', 'NL', 'US'];['FR', 'FR', 'DE', 'US'];US;NA
6964368;141.0.173.22;1;4;5;['FR', 'FR', None, 'NL'];['FR', 'FR', 'DE', 'GB', 'NL'];NL;EU
6963604;108.160.172.206;1;3;6;['FR', 'FR', 'IE'];['FR', 'FR', 'DE', 'FR', 'DE', 'IE'];US;NA
6964380;104.197.47.161;1;1;4;['US'];['FR', 'FR', 'IT', 'US'];US;NA
6963936;72.21.202.239;1;4;5;['FR', 'FR', None, 'US'];['FR', 'FR', 'DE', 'GB', 'US'];US;NA
6963710;210.210.18.53;1;2;4;['FR', 'US'];['FR', 'FR', 'FR', 'US'];IN;AS
6963480;98.139.183.24;2;2;4;['US', 'US'];['FR', 'FR', 'US', 'US'];US;NA
6963730;108.174.10.19;1;3;5;['FR', None, 'US'];['FR', 'FR', 'DE', 'GB', 'US'];US;NA
6963831;69.172.201.47;1;3;5;['FR', 'FR', None];['FR', 'FR', 'DE', 'GB', None];US;NA
6964001;101.201.172.229;3;5;7;['FR', 'US', 'CN', 'CN', 'CN'];['FR', 'FR', 'DE', 'GB', 'CN', 'CN', 'CN'];CN;AS
6963626;163.53.78.58;3;4;7;['FR', None, 'IN', 'IN'];['FR', 'FR', 'DE', 'GB', None, 'IN', 'IN'];IN;AS
6964424;216.146.46.10;1;3;5;['FR', None, 'US'];['FR', 'FR', 'DE', 'GB', 'US'];US;NA
6963867;130.211.186.109;1;2;4;['FR', 'US'];['FR', 'FR', 'IT', 'US'];US;NA
6964239;120.134.33.10;0;7;8;['FR', 'FR', 'US', 'CN', 'CN', 'CN', 'CN'];['FR', 'FR', 'DE', 'GB', 'CN', 'CN', 'CN', 'CN'];CN;AS
6963890;182.253.224.184;2;3;6;['FR', 'US', 'ID'];['FR', 'FR', 'DE', 'NL', 'US', 'ID'];ID;AS
6964489;23.3.152.175;1;4;5;['FR', 'FR', None, 'GB'];['FR', 'FR', 'DE', 'GB', None];NL;EU
6963869;91.198.174.192;2;3;5;['FR', 'NL', 'NL'];['FR', 'FR', 'FR', 'NL', 'NL'];NL;EU
6963574;184.173.147.39;2;4;4;['FR', 'FR', 'FR', 'US'];['FR', 'FR', 'FR', 'US'];US;NA
6964493;72.163.4.161;2;4;5;['FR', None, 'US', 'US'];['FR', 'FR', 'DE', 'GB', 'US'];US;NA
6964015;104.16.50.136;1;3;4;['FR', 'NL', 'US'];['FR', 'FR', 'DE', 'US'];US;NA
6963744;151.101.65.69;1;4;5;['FR', 'FR', None, 'US'];['FR', 'FR', 'DE', 'GB', 'US'];US;NA
6964249;104.28.27.209;1;3;4;['FR', 'FR', 'US'];['FR', 'FR', 'DE', 'US'];US;NA
6963528;140.205.94.193;3;5;7;['FR', 'US', 'CN', 'CN', 'CN'];['FR', 'FR', 'DE', 'GB', 'CN', 'CN', 'CN'];CN;AS
6963600;88.208.18.30;1;3;5;['FR', 'NL', 'NL'];['FR', 'FR', 'FR', 'US', 'NL'];NL;EU
6964469;192.16.31.23;1;4;5;['FR', None, 'US', 'US'];['FR', 'FR', 'DE', 'GB', 'US'];US;NA
6963476;69.171.230.68;1;3;4;['FR', 'FR', 'US'];['FR', 'FR', 'FR', 'US'];US;NA
6964083;213.92.16.101;2;6;6;['FR', 'FR', None, 'US', 'IT', 'IT'];['FR', 'FR', 'DE', 'GB', 'IT', 'IT'];IT;EU
6964035;121.14.241.75;2;5;6;['FR', 'FR', 'US', 'CN', 'CN'];['FR', 'FR', 'DE', 'GB', 'CN', 'CN'];CN;AS
6963965;202.61.113.35;2;5;7;['FR', 'FR', None, 'ID', 'ID'];['FR', 'FR', 'DE', 'GB', None, 'ID', 'ID'];ID;AS
6964235;5.135.203.40;1;2;4;['FR', 'FR'];['FR', 'FR', 'DE', 'FR'];FR;EU
6963724;5.226.176.16;2;4;5;['FR', None, 'US', 'GB'];['FR', 'FR', 'DE', 'GB', 'GB'];GB;EU
6963718;192.229.162.112;1;3;5;['FR', None, 'US'];['FR', 'FR', 'DE', 'GB', 'US'];US;NA
6964067;66.235.120.94;1;4;5;['FR', 'FR', None, 'US'];['FR', 'FR', 'DE', 'GB', 'US'];US;NA
6963789;154.53.224.158;1;2;4;['FR', 'US'];['FR', 'FR', 'FR', 'US'];US;NA
6963490;140.205.220.96;4;5;7;['FR', 'US', 'CN', 'CN', 'CN'];['FR', 'FR', 'FR', 'US', 'CN', 'CN', 'CN'];CN;AS
6964095;151.101.128.175;1;4;5;['FR', 'FR', None, 'US'];['FR', 'FR', 'DE', 'GB', 'US'];US;NA
6964145;134.213.2.238;1;3;4;['FR', None, 'GB'];['FR', 'FR', 'DE', 'GB'];GB;EU
6964165;104.16.64.153;1;3;4;['FR', 'NL', 'US'];['FR', 'FR', 'DE', 'US'];US;NA
6963580;208.82.237.129;1;3;5;['FR', 'US', 'US'];['FR', 'FR', 'DE', 'GB', 'US'];US;NA
6963997;104.31.83.13;1;4;4;['FR', 'FR', 'FR', 'US'];['FR', 'FR', 'DE', 'US'];US;NA
6964183;2.19.231.10;2;3;5;['FR', 'FR', None];['FR', 'FR', 'FR', 'FR', None];US;NA
6964121;178.33.44.27;1;3;4;['FR', 'FR', 'FR'];['FR', 'FR', 'DE', 'FR'];FR;EU
6964071;37.9.239.32;1;3;5;['FR', 'US', 'IT'];['FR', 'FR', 'DE', 'GB', 'IT'];IT;EU
6964253;75.98.93.51;2;4;5;['FR', None, 'US', 'US'];['FR', 'FR', 'DE', 'GB', 'US'];US;NA
6964103;104.20.1.139;1;4;4;['FR', 'FR', 'FR', 'US'];['FR', 'FR', 'DE', 'US'];US;NA
6964281;5.79.69.118;2;2;4;['NL', 'NL'];['FR', 'FR', 'NL', 'NL'];NL;EU
6963664;120.24.248.50;3;6;7;['FR', 'FR', 'US', 'CN', 'CN', 'CN'];['FR', 'FR', 'DE', 'GB', 'CN', 'CN', 'CN'];CN;AS
6963793;172.217.20.41;1;2;4;['FR', 'US'];['FR', 'FR', 'IT', 'US'];US;NA
6963908;23.200.87.140;2;4;5;['FR', 'FR', 'FR', 'FR'];['FR', 'FR', 'FR', 'FR', 'FR'];FR;EU
6964333;64.94.140.201;2;4;7;['FR', None, 'US', 'US'];['FR', 'FR', 'DE', 'GB', 'US', 'US', 'US'];US;NA
6964456;217.74.65.23;1;4;6;['FR', None, 'PL', 'PL'];['FR', 'FR', 'DE', 'PL', 'PL', 'PL'];PL;EU
6963482;91.198.174.192;2;3;5;['FR', 'NL', 'NL'];['FR', 'FR', 'FR', 'NL', 'NL'];NL;EU
6964013;119.147.114.19;2;4;6;['FR', 'US', 'CN', 'CN'];['FR', 'FR', 'DE', 'GB', 'CN', 'CN'];CN;AS
6964201;202.80.220.213;2;5;6;['FR', 'NL', 'ID', 'ID', 'ID'];['FR', 'FR', 'DE', 'ID', 'ID', 'ID'];ID;AS
6963930;218.211.33.75;2;5;6;['FR', 'US', 'US', 'TW', 'TW'];['FR', 'FR', 'DE', 'GB', 'TW', 'TW'];TW;AS
6963510;172.217.19.131;1;1;4;['US'];['FR', 'FR', 'IT', 'US'];US;NA
6964151;59.106.194.19;2;4;5;['FR', None, 'US', 'JP'];['FR', 'FR', 'DE', 'GB', 'JP'];JP;AS
6964295;209.58.128.90;1;3;6;['FR', 'US', 'US'];['FR', 'FR', 'DE', 'NL', 'DE', 'US'];US;NA
6963492;204.79.197.200;2;5;5;['FR', 'FR', 'FR', 'US', 'US'];['FR', 'FR', 'IT', 'US', 'US'];US;NA
6963484;104.244.42.65;1;2;3;['FR', 'US'];['FR', 'FR', 'US'];US;NA
6963880;212.97.32.174;1;4;5;['FR', 'FR', None, 'IT'];['FR', 'FR', 'DE', 'GB', 'IT'];IT;EU
6964384;172.217.18.233;1;2;4;['FR', 'US'];['FR', 'FR', 'IT', 'US'];US;NA
6964199;124.243.228.203;2;5;6;['FR', 'FR', 'US', 'CN', 'CN'];['FR', 'FR', 'DE', 'GB', 'CN', 'CN'];CN;AS
6963904;219.239.88.112;0;5;7;['FR', 'US', 'CN', 'CN', 'CN'];['FR', 'FR', 'DE', 'GB', 'CN', 'CN', 'CN'];CN;AS
6963787;104.23.197.8;1;4;4;['FR', 'FR', 'FR', 'US'];['FR', 'FR', 'DE', 'US'];US;NA
6964412;81.171.123.200;3;4;5;['FR', 'FR', 'US', 'NL'];['FR', 'FR', 'FR', 'US', 'NL'];NL;EU
6964175;104.20.24.90;1;4;4;['FR', 'FR', 'FR', 'US'];['FR', 'FR', 'DE', 'US'];US;NA
6964091;205.186.187.178;0;5;1;['FR', 'FR', None, 'US', 'US'];['FR'];US;NA
6964147;207.244.80.166;1;3;5;['FR', None, 'US'];['FR', 'FR', 'DE', 'DE', 'US'];US;NA
6964211;67.196.156.65;2;5;6;['FR', 'FR', None, 'US', 'US'];['FR', 'FR', 'DE', 'GB', 'US', 'US'];US;NA
6963956;182.253.238.102;1;3;5;['FR', None, 'ID'];['FR', 'FR', 'DE', 'ID', 'ID'];ID;AS
6963558;198.11.132.250;1;4;5;['FR', 'FR', None, 'CN'];['FR', 'FR', 'DE', 'GB', 'CN'];US;NA
6963950;124.243.192.30;2;5;6;['FR', 'FR', 'US', 'CN', 'CN'];['FR', 'FR', 'DE', 'GB', 'CN', 'CN'];CN;AS
6964475;192.0.79.33;1;4;4;['FR', 'FR', 'FR', 'US'];['FR', 'FR', 'DE', 'US'];US;NA
6963938;104.20.30.112;1;4;4;['FR', 'FR', 'FR', 'US'];['FR', 'FR', 'DE', 'US'];US;NA
6963596;205.204.101.42;0;3;1;['FR', None, 'CN'];['FR'];US;NA
6964119;54.230.197.112;1;4;4;['FR', 'FR', None, 'US'];['FR', 'FR', 'FR', 'NL'];US;NA
6964275;104.25.160.23;1;4;4;['FR', 'FR', 'FR', 'US'];['FR', 'FR', 'DE', 'US'];US;NA
6963932;59.151.116.98;1;6;9;['FR', 'US', 'CN', 'CN', 'CN', 'CN'];['FR', 'FR', 'DE', 'GB', 'CN', 'CN', 'CN', 'CN', 'CN'];CN;AS
6964153;23.248.160.250;2;3;5;['FR', 'US', 'KR'];['FR', 'FR', 'DE', 'US', 'KR'];US;NA
6963995;137.254.120.50;2;5;5;['FR', 'FR', None, 'US', 'US'];['FR', 'FR', 'DE', 'GB', 'US'];US;NA
6964432;104.27.168.11;1;4;4;['FR', 'FR', 'NL', 'US'];['FR', 'FR', 'DE', 'US'];US;NA
6964177;161.69.25.181;2;5;6;['FR', 'FR', None, 'US', 'US'];['FR', 'FR', 'DE', 'GB', 'US', 'US'];US;NA
6964225;213.174.158.154;1;3;5;['FR', 'NL', 'US'];['FR', 'FR', 'FR', 'US', 'US'];US;NA
6964293;124.153.64.100;2;2;5;['GB', 'IN'];['FR', 'FR', 'DE', 'GB', 'IN'];IN;AS
6963973;209.102.213.14;2;5;6;['FR', 'FR', None, 'US', 'US'];['FR', 'FR', 'DE', 'GB', 'US', 'US'];US;NA
6963566;192.30.253.112;2;5;5;['FR', 'FR', None, 'US', 'US'];['FR', 'FR', 'DE', 'GB', 'US'];US;NA
6964125;46.245.163.1;4;5;8;['FR', None, 'TR', 'TR', 'TR'];['FR', 'FR', 'DE', 'GB', None, 'TR', 'TR', 'TR'];TR;AS
6964428;69.89.74.80;1;5;5;['FR', 'FR', 'FR', 'US', 'US'];['FR', 'FR', 'DE', 'GB', 'US'];US;NA
6964191;202.102.90.109;2;6;6;['FR', 'US', 'CN', 'CN', 'CN', 'CN'];['FR', 'FR', 'DE', 'GB', 'CN', 'CN'];CN;AS
6963906;176.53.43.6;2;4;5;['FR', 'FR', 'TR', 'TR'];['FR', 'FR', 'DE', 'TR', 'TR'];TR;AS
6963534;78.140.191.70;2;2;5;['US', 'NL'];['FR', 'FR', 'DE', 'US', 'NL'];NL;EU
6964213;184.51.148.153;1;3;5;['FR', None, 'FR'];['FR', 'FR', 'DE', 'GB', 'FR'];NL;EU
6964237;120.138.69.70;3;4;6;['GB', 'HK', 'VN', 'VN'];['FR', 'FR', 'DE', 'HK', 'VN', 'VN'];VN;AS
6964217;212.27.48.10;1;2;5;['FR', 'FR'];['FR', 'FR', 'DE', 'FR', 'FR'];FR;EU
6964491;49.129.31.76;1;4;5;['FR', 'FR', None, 'JP'];['FR', 'FR', 'DE', 'GB', 'JP'];JP;AS
6964382;54.163.249.107;2;4;6;['FR', None, 'US', 'US'];['FR', 'FR', 'DE', 'GB', 'US', 'US'];US;NA
6963944;77.75.79.53;1;3;5;['FR', 'FR', 'CZ'];['FR', 'FR', 'DE', 'CZ', 'CZ'];CZ;EU
6963634;216.18.168.1;2;3;6;['FR', None, 'US'];['FR', 'FR', 'DE', 'GB', None, 'US'];US;NA
6964460;104.20.51.56;1;4;4;['FR', 'FR', 'FR', 'US'];['FR', 'FR', 'DE', 'US'];US;NA
6964163;54.83.2.218;1;3;5;['FR', None, 'US'];['FR', 'FR', 'DE', 'GB', 'US'];US;NA
6963728;54.231.120.185;1;4;5;['FR', 'FR', None, 'US'];['FR', 'FR', 'DE', 'GB', 'US'];US;NA
6964341;210.224.168.100;2;5;5;['FR', 'FR', None, 'US', 'JP'];['FR', 'FR', 'DE', 'GB', 'JP'];JP;AS
6963506;77.88.55.50;1;4;4;['FR', 'FR', 'FR', 'RU'];['FR', 'FR', 'DE', 'RU'];RU;EU
6963690;192.147.0.123;2;4;5;['FR', 'FR', 'US', 'US'];['FR', 'FR', 'FR', 'US', 'US'];US;NA
6963704;23.206.35.117;1;1;3;['NL'];['FR', 'FR', 'NL'];NL;EU
6963756;210.129.120.43;1;4;7;['FR', 'US', 'US', 'JP'];['FR', 'FR', 'DE', 'US', 'JP', 'JP', 'JP'];JP;AS
6963496;183.79.135.206;3;4;6;['FR', 'US', 'JP', 'JP'];['FR', 'FR', 'DE', 'US', 'JP', 'JP'];JP;AS
6964329;42.121.252.58;3;5;7;['FR', 'US', 'CN', 'CN', 'CN'];['FR', 'FR', 'DE', 'GB', 'CN', 'CN', 'CN'];CN;AS
6963732;153.254.147.65;0;3;1;['FR', None, 'US'];['FR'];JP;AS
6964171;204.155.149.139;1;4;5;['FR', 'FR', None, 'US'];['FR', 'FR', 'DE', 'GB', 'US'];US;NA
6963654;106.120.188.48;2;5;6;['FR', 'FR', 'US', 'CN', 'CN'];['FR', 'FR', 'DE', 'GB', 'CN', 'CN'];CN;AS
6964135;104.96.26.164;1;4;6;['FR', 'FR', None, 'US'];['FR', 'FR', 'DE', 'GB', None, 'US'];US;NA
6964343;180.179.112.50;3;4;7;['FR', None, 'IN', 'IN'];['FR', 'FR', 'DE', 'GB', None, 'IN', 'IN'];IN;AS
6964195;104.16.10.104;1;4;4;['FR', 'FR', 'NL', 'US'];['FR', 'FR', 'DE', 'US'];US;NA
6963874;23.235.33.133;1;3;5;['FR', None, 'US'];['FR', 'FR', 'DE', 'GB', 'US'];US;NA
6963628;193.51.224.177;0;1;2;['FR'];['FR', 'FR'];FR;EU
6964287;74.125.71.94;1;4;4;['FR', 'FR', None, 'US'];['FR', 'FR', 'IT', 'US'];US;NA
6964117;178.33.165.129;1;3;4;['FR', 'FR', 'FR'];['FR', 'FR', 'DE', 'FR'];ES;EU
6964009;31.222.68.33;2;4;6;['FR', None, 'FR', 'GB'];['FR', 'FR', 'DE', 'GB', 'FR', 'GB'];GB;EU
6963658;104.20.77.29;1;3;4;['FR', 'FR', 'US'];['FR', 'FR', 'DE', 'US'];US;NA
6963656;223.223.182.210;1;5;7;['FR', 'FR', 'US', 'CN', 'CN'];['FR', 'FR', 'DE', 'GB', 'CN', 'CN', 'CN'];CN;AS
6964243;194.158.2.5;1;3;6;['FR', 'FR', 'GB'];['FR', 'FR', 'DE', 'FR', 'DE', 'GB'];CH;EU
6963771;69.147.76.173;2;2;4;['US', 'US'];['FR', 'FR', 'US', 'US'];US;NA
6963896;212.77.98.9;1;3;5;['FR', None, 'PL'];['FR', 'FR', 'DE', 'PL', 'PL'];PL;EU
6964473;120.55.238.185;3;5;7;['FR', 'US', 'CN', 'CN', 'CN'];['FR', 'FR', 'DE', 'GB', 'CN', 'CN', 'CN'];CN;AS
6963754;104.16.254.64;1;4;4;['FR', 'FR', 'NL', 'US'];['FR', 'FR', 'DE', 'US'];US;NA
6964189;52.197.170.122;1;3;5;['FR', None, 'US'];['FR', 'FR', 'DE', 'GB', 'US'];US;NA
6963488;61.135.157.156;2;4;6;['FR', None, 'CN', 'CN'];['FR', 'FR', 'FR', 'US', 'CN', 'CN'];CN;AS
6963975;104.20.94.121;1;4;4;['FR', 'FR', 'FR', 'US'];['FR', 'FR', 'DE', 'US'];US;NA
6964366;222.223.239.125;1;4;5;['FR', 'FR', 'US', 'CN'];['FR', 'FR', 'DE', 'GB', 'CN'];CN;AS
6964055;108.59.8.152;1;4;5;['FR', 'FR', None, 'US'];['FR', 'FR', 'DE', 'DE', 'US'];US;NA
6963742;185.87.146.3;1;3;4;['FR', 'FR', 'DE'];['FR', 'FR', 'DE', 'DE'];PL;EU
6964227;104.20.11.85;1;3;4;['FR', 'FR', 'US'];['FR', 'FR', 'DE', 'US'];US;NA
6963837;104.16.52.162;1;4;4;['FR', 'FR', 'NL', 'US'];['FR', 'FR', 'DE', 'US'];US;NA
6963791;173.252.120.6;1;2;4;['FR', 'US'];['FR', 'FR', 'FR', 'US'];US;NA
6964477;199.182.216.166;1;2;5;['US', 'CA'];['FR', 'FR', 'DE', 'US', 'CA'];CA;NA
6964221;206.54.181.6;2;2;5;['US', 'US'];['FR', 'FR', 'DE', 'US', 'US'];US;NA
6964362;220.231.200.140;5;8;9;['FR', 'FR', None, 'CN', 'CN', 'CN', 'CN', 'CN'];['FR', 'FR', 'FR', None, 'CN', 'CN', 'CN', 'CN', 'CN'];CN;AS
6964003;46.20.153.2;3;4;7;['FR', None, 'TR', 'TR'];['FR', 'FR', 'DE', 'GB', None, 'TR', 'TR'];TR;AS
6963765;104.19.206.29;1;3;4;['FR', 'NL', 'US'];['FR', 'FR', 'DE', 'US'];US;NA
6963544;220.181.90.20;2;5;6;['FR', 'FR', 'US', 'CN', 'CN'];['FR', 'FR', 'DE', 'GB', 'CN', 'CN'];CN;AS
6964426;104.20.86.35;1;3;4;['FR', 'FR', 'US'];['FR', 'FR', 'DE', 'US'];US;NA
6964111;125.6.149.67;2;5;6;['FR', 'FR', None, 'JP', 'JP'];['FR', 'FR', 'DE', 'GB', 'JP', 'JP'];JP;AS
6964041;23.206.36.133;1;2;3;['FR', 'NL'];['FR', 'FR', 'NL'];NL;EU
6963746;107.22.178.157;2;4;6;['FR', None, 'US', 'US'];['FR', 'FR', 'DE', 'GB', 'US', 'US'];US;NA
6963799;193.252.148.140;1;3;3;['FR', 'FR', 'FR'];['FR', 'FR', 'FR'];FR;EU
6963900;109.71.160.200;1;5;5;['FR', 'FR', None, 'LU', 'LU'];['FR', 'FR', 'DE', 'GB', 'LU'];LU;EU
6964155;208.94.153.100;2;5;5;['FR', 'FR', None, 'US', 'US'];['FR', 'FR', 'DE', 'GB', 'US'];US;NA
6964185;92.242.43.216;1;2;6;['RU', 'RU'];['FR', 'FR', 'IT', 'US', 'RU', 'RU'];RU;EU
6964023;81.19.82.10;1;4;4;['FR', 'FR', None, 'RU'];['FR', 'FR', 'DE', 'RU'];RU;EU
6964109;104.101.185.194;1;3;6;['FR', None, 'US'];['FR', 'FR', 'DE', 'GB', None, 'US'];US;NA
6963584;111.206.227.118;2;5;6;['FR', 'FR', None, 'CN', 'CN'];['FR', 'FR', 'FR', 'US', 'CN', 'CN'];CN;AS
6963763;104.20.29.48;1;4;4;['FR', 'FR', 'FR', 'US'];['FR', 'FR', 'DE', 'US'];US;NA
6964337;77.88.55.55;1;3;4;['FR', 'FR', 'RU'];['FR', 'FR', 'DE', 'RU'];RU;EU
6963985;144.160.155.43;2;4;6;['FR', None, 'US', 'US'];['FR', 'FR', 'DE', 'GB', 'US', 'US'];US;NA
6964231;72.52.8.197;1;4;4;['FR', 'FR', None, 'US'];['FR', 'FR', 'DE', 'US'];US;NA
6963878;123.30.128.195;2;5;6;['FR', 'FR', None, 'VN', 'VN'];['FR', 'FR', 'DE', 'GB', 'VN', 'VN'];VN;AS
6963847;63.245.215.20;1;3;6;['FR', None, 'US'];['FR', 'FR', 'DE', 'GB', 'US', 'US'];US;NA
6964347;54.230.197.250;1;4;4;['FR', 'FR', None, 'US'];['FR', 'FR', 'FR', 'NL'];US;NA
6963853;184.51.148.152;1;3;5;['FR', None, 'FR'];['FR', 'FR', 'DE', 'GB', 'FR'];NL;EU
6964446;121.40.42.87;3;5;7;['FR', 'US', 'CN', 'CN', 'CN'];['FR', 'FR', 'DE', 'GB', 'CN', 'CN', 'CN'];CN;AS
6964291;165.254.226.65;2;4;5;['FR', None, 'US', 'US'];['FR', 'FR', 'DE', 'US', 'US'];US;NA
6963556;72.21.206.80;1;3;5;['FR', None, 'US'];['FR', 'FR', 'DE', 'GB', 'US'];US;NA
6964261;194.50.69.124;1;3;4;['FR', 'FR', 'NL'];['FR', 'FR', 'DE', 'NL'];DE;EU
6963540;216.58.208.233;1;3;4;['FR', None, 'US'];['FR', 'FR', 'IT', 'US'];US;NA
6964051;203.209.152.98;4;5;7;['FR', None, 'JP', 'JP', 'JP'];['FR', 'FR', 'FR', None, 'JP', 'JP', 'JP'];JP;AS
6963946;140.205.174.2;4;5;7;['FR', 'US', 'CN', 'CN', 'CN'];['FR', 'FR', 'FR', 'US', 'CN', 'CN', 'CN'];CN;AS
6964099;146.185.29.109;0;5;1;['FR', 'FR', 'US', 'GB', 'GB'];['FR'];GB;EU
6963666;195.8.215.136;0;1;2;['FR'];['FR', 'FR'];FR;EU
6964402;210.139.248.1;2;2;5;['GB', 'JP'];['FR', 'FR', 'DE', 'GB', 'JP'];JP;AS
6963785;23.200.86.152;2;3;5;['FR', 'FR', 'FR'];['FR', 'FR', 'FR', 'FR', 'FR'];FR;EU
6964037;97.74.104.222;2;4;5;['FR', 'FR', 'NL', 'US'];['FR', 'FR', 'DE', 'NL', 'US'];US;NA
6964129;104.16.32.27;1;4;4;['FR', 'FR', 'NL', 'US'];['FR', 'FR', 'DE', 'US'];US;NA
6964173;23.200.86.121;2;4;5;['FR', 'FR', 'FR', 'FR'];['FR', 'FR', 'FR', 'FR', 'FR'];FR;EU
6963738;54.223.189.245;3;5;7;['FR', 'US', 'CN', 'CN', 'CN'];['FR', 'FR', 'DE', 'GB', 'CN', 'CN', 'CN'];CN;AS
6964273;113.240.254.10;1;3;5;['FR', 'US', 'CN'];['FR', 'FR', 'DE', 'GB', 'CN'];CN;AS
6964127;172.217.16.67;1;4;4;['FR', 'FR', None, 'US'];['FR', 'FR', 'IT', 'US'];US;NA
6964406;203.66.53.8;2;5;6;['FR', 'FR', None, 'TW', 'TW'];['FR', 'FR', 'DE', 'GB', 'TW', 'TW'];TW;AS
6963912;162.212.41.11;3;5;6;['FR', None, 'US', 'US', 'US'];['FR', 'FR', 'DE', 'US', 'US', 'US'];US;NA
6963614;202.108.8.82;2;5;6;['FR', 'FR', None, 'CN', 'CN'];['FR', 'FR', 'FR', 'US', 'CN', 'CN'];CN;AS
6963696;104.16.56.23;1;3;4;['FR', 'NL', 'US'];['FR', 'FR', 'DE', 'US'];US;NA
6964265;185.72.231.14;3;4;5;['/', 'RU', 'RU', 'RU'];['FR', 'FR', 'RU', 'RU', 'RU'];RU;EU
6963532;125.88.190.56;2;4;6;['FR', 'US', 'CN', 'CN'];['FR', 'FR', 'DE', 'GB', 'CN', 'CN'];CN;AS
6963582;23.103.183.15;1;3;4;['FR', 'FR', 'US'];['FR', 'FR', 'IT', 'US'];US;NA
6963839;117.21.226.199;1;4;5;['FR', 'FR', 'US', 'CN'];['FR', 'FR', 'DE', 'GB', 'CN'];CN;AS
6963504;114.134.80.162;3;4;6;['GB', 'HK', 'HK', 'HK'];['FR', 'FR', 'DE', 'HK', 'HK', 'HK'];HK;AS
6964335;81.19.72.32;1;4;4;['FR', 'FR', None, 'RU'];['FR', 'FR', 'DE', 'RU'];RU;EU
6964442;54.165.95.219;2;4;6;['FR', None, 'US', 'US'];['FR', 'FR', 'DE', 'GB', 'US', 'US'];US;NA
6964458;104.156.81.70;1;3;5;['FR', None, 'US'];['FR', 'FR', 'DE', 'GB', 'US'];US;NA
6963518;94.100.180.200;2;4;4;['FR', '/', 'RU', 'RU'];['FR', 'FR', 'RU', 'RU'];RU;EU
6964481;92.62.130.180;1;4;5;['FR', 'FR', 'LT', 'LT'];['FR', 'FR', 'DE', 'LV', 'LT'];LT;EU
6964223;104.24.7.4;1;4;4;['FR', 'FR', 'FR', 'US'];['FR', 'FR', 'DE', 'US'];US;NA
6963967;66.155.40.250;1;3;4;['FR', None, 'US'];['FR', 'FR', 'DE', 'US'];US;NA
6964487;62.116.130.8;1;4;4;['FR', 'FR', 'FR', 'DE'];['FR', 'FR', 'DE', 'DE'];DE;EU
6963872;104.16.123.108;1;3;4;['FR', 'NL', 'US'];['FR', 'FR', 'DE', 'US'];US;NA
6963520;172.217.19.131;1;2;4;['FR', 'US'];['FR', 'FR', 'IT', 'US'];US;NA
6964305;222.158.213.148;2;4;5;['FR', None, 'US', 'JP'];['FR', 'FR', 'DE', 'GB', 'JP'];JP;AS
6963797;82.165.230.17;1;3;4;['FR', 'FR', 'DE'];['FR', 'FR', 'DE', 'DE'];DE;EU
6964263;172.217.19.132;1;2;4;['FR', 'US'];['FR', 'FR', 'IT', 'US'];US;NA
6964207;69.196.244.99;2;4;5;['FR', None, 'US', 'US'];['FR', 'FR', 'DE', 'GB', 'US'];US;NA
6964267;66.235.121.141;1;3;5;['FR', None, 'US'];['FR', 'FR', 'DE', 'GB', 'US'];US;NA
6964241;151.101.65.52;1;4;5;['FR', 'FR', None, 'US'];['FR', 'FR', 'DE', 'GB', 'US'];US;NA
6964073;54.251.103.25;1;3;5;['FR', None, 'SG'];['FR', 'FR', 'DE', 'GB', 'SG'];SG;AS
6963898;124.251.98.4;2;6;9;['FR', 'US', 'CN', 'CN', 'CN', 'CN'];['FR', 'FR', 'DE', 'GB', 'CN', 'CN', 'CN', 'CN', 'CN'];CN;AS
6963572;216.58.211.105;0;2;2;['FR', None];['FR', 'FR'];US;NA
6964137;69.89.69.99;1;5;5;['FR', 'FR', 'FR', 'US', 'US'];['FR', 'FR', 'DE', 'GB', 'US'];US;NA
6963989;54.192.198.72;1;4;4;['FR', 'FR', None, 'US'];['FR', 'FR', 'FR', 'NL'];US;NA
6964301;23.235.33.134;1;3;5;['FR', None, 'US'];['FR', 'FR', 'DE', 'GB', 'US'];US;NA
6963630;192.150.16.117;1;4;4;['FR', 'FR', None, 'US'];['FR', 'FR', 'DE', 'GB'];US;NA
6964285;216.58.211.105;0;2;2;['FR', None];['FR', 'FR'];US;NA
